<?xml version="1.0" ?>
<ns1:PatientRecord xmlns:ns1="http://www.rixg.org.uk/">
	<SendingFacility>RGU01</SendingFacility>
	<SendingExtract>SURVEY</SendingExtract>
	<Patient>
		<PatientNumbers>
			<PatientNumber>
				<Number>1234567890</Number>
				<Organization>NHS</Organization>
				<NumberType>NI</NumberType>
			</PatientNumber>
			<PatientNumber>
				<Number>1234567890</Number>
				<Organization>NHS</Organization>
				<NumberType>MRN</NumberType>
			</PatientNumber>
		</PatientNumbers>
		<Names>
			<Name use="L">
				<Family>JONES</Family>
				<Given>TOM</Given>
			</Name>
		</Names>
		<BirthTime>1969-07-25T00:00:00</BirthTime>
		<Gender>9</Gender>
	</Patient>
	<ProgramMemberships>
		<ProgramMembership>
			<ProgramName>YourHealth</ProgramName>
			<FromTime>1900-01-01T00:00:00</FromTime>
		</ProgramMembership>
	</ProgramMemberships>
	<Surveys>
		<Survey>
			<SurveyTime>2017-03-06T00:00:00</SurveyTime>
			<SurveyType>
				<Code>PROM</Code>
			</SurveyType>
			<Questions>
				<Question>
					<QuestionType>
						<Code>YSQ1</Code>
					</QuestionType>
					<Response>0</Response>
				</Question>
				<Question>
					<QuestionType>
						<Code>YSQ2</Code>
					</QuestionType>
					<Response>1</Response>
				</Question>
				<Question>
					<QuestionType>
						<Code>YSQ3</Code>
					</QuestionType>
					<Response>1</Response>
				</Question>
				<Question>
					<QuestionType>
						<Code>YSQ4</Code>
					</QuestionType>
					<Response>0</Response>
				</Question>
				<Question>
					<QuestionType>
						<Code>YSQ5</Code>
					</QuestionType>
					<Response>0</Response>
				</Question>
				<Question>
					<QuestionType>
						<Code>YSQ6</Code>
					</QuestionType>
					<Response>0</Response>
				</Question>
				<Question>
					<QuestionType>
						<Code>YSQ7</Code>
					</QuestionType>
					<Response>0</Response>
				</Question>
				<Question>
					<QuestionType>
						<Code>YSQ8</Code>
					</QuestionType>
					<Response>0</Response>
				</Question>
				<Question>
					<QuestionType>
						<Code>YSQ9</Code>
					</QuestionType>
					<Response>0</Response>
				</Question>
				<Question>
					<QuestionType>
						<Code>YSQ10</Code>
					</QuestionType>
					<Response>0</Response>
				</Question>
				<Question>
					<QuestionType>
						<Code>YSQ11</Code>
					</QuestionType>
					<Response>0</Response>
				</Question>
				<Question>
					<QuestionType>
						<Code>YSQ12</Code>
					</QuestionType>
					<Response>2</Response>
				</Question>
				<Question>
					<QuestionType>
						<Code>YSQ13</Code>
					</QuestionType>
					<Response>0</Response>
				</Question>
				<Question>
					<QuestionType>
						<Code>YSQ14</Code>
					</QuestionType>
					<Response>1</Response>
				</Question>
				<Question>
					<QuestionType>
						<Code>YSQ15</Code>
					</QuestionType>
					<Response>1</Response>
				</Question>
				<Question>
					<QuestionType>
						<Code>YSQ16</Code>
					</QuestionType>
					<Response>1</Response>
				</Question>
				<Question>
					<QuestionType>
						<Code>YSQ17</Code>
					</QuestionType>
					<Response>2</Response>
				</Question>
			</Questions>
			<TypeOfTreatment>Pre-dialysis</TypeOfTreatment>
			<HDLocation></HDLocation>
			<Template>Your Health P1 new 01</Template>
		</Survey>
		<Survey>
			<SurveyTime>2017-03-06T00:00:00</SurveyTime>
			<SurveyType>
				<Code>PAM</Code>
			</SurveyType>
			<Questions>
				<Question>
					<QuestionType>
						<Code>MYHQ1</Code>
					</QuestionType>
					<Response>4</Response>
				</Question>
				<Question>
					<QuestionType>
						<Code>MYHQ2</Code>
					</QuestionType>
					<Response>3</Response>
				</Question>
				<Question>
					<QuestionType>
						<Code>MYHQ3</Code>
					</QuestionType>
					<Response>3</Response>
				</Question>
				<Question>
					<QuestionType>
						<Code>MYHQ4</Code>
					</QuestionType>
					<Response>3</Response>
				</Question>
				<Question>
					<QuestionType>
						<Code>MYHQ5</Code>
					</QuestionType>
					<Response>3</Response>
				</Question>
				<Question>
					<QuestionType>
						<Code>MYHQ6</Code>
					</QuestionType>
					<Response>3</Response>
				</Question>
				<Question>
					<QuestionType>
						<Code>MYHQ7</Code>
					</QuestionType>
					<Response>4</Response>
				</Question>
				<Question>
					<QuestionType>
						<Code>MYHQ8</Code>
					</QuestionType>
					<Response>3</Response>
				</Question>
				<Question>
					<QuestionType>
						<Code>MYHQ9</Code>
					</QuestionType>
					<Response>3</Response>
				</Question>
				<Question>
					<QuestionType>
						<Code>MYHQ10</Code>
					</QuestionType>
					<Response></Response>
				</Question>
				<Question>
					<QuestionType>
						<Code>MYHQ11</Code>
					</QuestionType>
					<Response></Response>
				</Question>
				<Question>
					<QuestionType>
						<Code>MYHQ12</Code>
					</QuestionType>
					<Response></Response>
				</Question>
				<Question>
					<QuestionType>
						<Code>MYHQ13</Code>
					</QuestionType>
					<Response></Response>
				</Question>
			</Questions>
			<Scores>
				<Score>
					<ScoreType>
						<Code>PAM_13</Code>
					</ScoreType>
					<Value>1</Value>
					<Level>1</Level>
				</Score>
			</Scores>
			<TypeOfTreatment>Pre-dialysis</TypeOfTreatment>
			<HDLocation></HDLocation>
			<Template>Your Health P1 new 01</Template>
		</Survey>
		<Survey>
			<SurveyTime>2017-03-06T00:00:00</SurveyTime>
			<SurveyType>
				<Code>EQ5D</Code>
			</SurveyType>
			<Questions>
				<Question>
					<QuestionType>
						<Code>YOHQ1</Code>
					</QuestionType>
					<Response></Response>
				</Question>
				<Question>
					<QuestionType>
						<Code>YOHQ2</Code>
					</QuestionType>
					<Response>1</Response>
				</Question>
				<Question>
					<QuestionType>
						<Code>YOHQ3</Code>
					</QuestionType>
					<Response>1</Response>
				</Question>
				<Question>
					<QuestionType>
						<Code>YOHQ4</Code>
					</QuestionType>
					<Response>1</Response>
				</Question>
				<Question>
					<QuestionType>
						<Code>YOHQ5</Code>
					</QuestionType>
					<Response>3</Response>
				</Question>
			</Questions>
			<TypeOfTreatment>Pre-dialysis</TypeOfTreatment>
			<HDLocation></HDLocation>
			<Template>Your Health P1 new 01</Template>
		</Survey>
	</Surveys>
</ns1:PatientRecord>
